{
  "colors": [
    {
      "id": 1,
      "colorPalettes": ["#d8e2dc", "#ffe5d9", "#ffcad4", "#f4acb7", "#9d8189"]
    },
    {
      "id": 2,
      "colorPalettes": ["#f6bd60", "#f7ede2", "#f5cac3", "#84a59d", "#f28482"]
    },
    {
      "id": 3,
      "colorPalettes": ["#0fa3b1", "#d9e5d6", "#eddea4", "#f7a072", "#ff9b42"]
    },
    {
      "id": 4,
      "colorPalettes": ["#1f2421", "#216869", "#49a078", "#9cc5a1", "#dce1de"]
    },
    {
      "id": 5,
      "colorPalettes": ["#dcdcdd", "#c5c3c6", "#46494c", "#4c5c68", "#1985a1"]
    },
    {
      "id": 6,
      "colorPalettes": ["#1a1423", "#372549", "#774c60", "#b75d69", "#eacdc2"]
    },
    {
      "id": 7,
      "colorPalettes": ["#1a1423", "#cb997e", "#ddbea9", "#b7b7a4", "#a5a58d"]
    },
    {
      "id": 8,
      "colorPalettes": ["#8ecae6", "#219ebc", "#023047", "#ffb703", "#fb8500"]
    },
    {
      "id": 9,
      "colorPalettes": ["#780000", "#c1121f", "#fdf0d5", "#003049", "#669bbc"]
    },
    {
      "id": 10,
      "colorPalettes": ["#2b2d42", "#8d99ae", "#edf2f4", "#ef233c", "#d90429"]
    },
    {
      "id": 11,
      "colorPalettes": ["#cdb4db", "#ffc8dd", "#ffafcc", "#bde0fe", "#a2d2ff"]
    },
    {
      "id": 12,
      "colorPalettes": ["#006d77", "#83c5be", "#edf6f9", "#ffddd2", "#e29578"]
    },
    {
      "id": 13,
      "colorPalettes": ["#cb997e", "#ddbea9", "#ffe8d6", "#b7b7a4", "#a5a58d"]
    },
    {
      "id": 14,
      "colorPalettes": ["#d8e2dc", "#ffe5d9", "#ffcad4", "#f4acb7", "#9d8189"]
    },
    {
      "id": 15,
      "colorPalettes": ["#e63946", "#f1faee", "#a8dadc", "#457b9d", "#1d3557"]
    }
  ],
  "savedColors": []
}
